{"1":{"money":"600","type":"SpawnUnit","cframe":"-122.847549, 212.555313, 5.13516998, 1, 0, 0, 0, 1, 0, 0, 0, 1","unit":"Benimaru"},"3":{"money":"2000","type":"UpgradeUnit","cframe":"-122.847549, 212.555313, 5.13516998, 1, 0, 0, 0, 1, 0, 0, 0, 1","unit":"Benimaru"},"2":{"money":"1450","type":"UpgradeUnit","cframe":"-122.847549, 212.555313, 5.13516998, 1, 0, 0, 0, 1, 0, 0, 0, 1","unit":"Benimaru"},"5":{"money":"5750","type":"UpgradeUnit","cframe":"-122.847549, 212.555313, 5.13516998, 1, 0, 0, 0, 1, 0, 0, 0, 1","unit":"Benimaru"},"4":{"money":"4500","type":"UpgradeUnit","cframe":"-122.847549, 212.555313, 5.13516998, 1, 0, 0, 0, 1, 0, 0, 0, 1","unit":"Benimaru"},"Data":{"Map":"Desert Village","RecordMode":"Money","Units":["EscanorGodly","Benimaru","","","",""]},"6":{"money":"7500","type":"UpgradeUnit","cframe":"-122.847549, 212.555313, 5.13516998, 1, 0, 0, 0, 1, 0, 0, 0, 1","unit":"Benimaru"}}