{"1":{"money":"600","type":"SpawnUnit","cframe":"-128.753296, 113.836777, -3.36605072, 1, 0, 0, 0, 1, 0, 0, 0, 1","unit":"Benimaru"},"3":{"money":"2000","type":"UpgradeUnit","cframe":"-128.753296, 113.836777, -3.36605072, 1, 0, 0, 0, 1, 0, 0, 0, 1","unit":"Benimaru"},"2":{"money":"1450","type":"UpgradeUnit","cframe":"-128.753296, 113.836777, -3.36605072, 1, 0, 0, 0, 1, 0, 0, 0, 1","unit":"Benimaru"},"Data":{"Map":"Hollow Dimension","RecordMode":"Money","Units":["EscanorGodly","Benimaru","","","",""]}}